Datetime,Utemp_F,Uhumi,Rtemp_F,Rhumi
3/28/17 08:53PM,35.1,96,46,35
3/28/17 09:53PM,35.1,92,45,35
3/28/17 10:53PM,34,96,46,35
3/28/17 11:53PM,33.1,96,45,35
3/29/17 12:53AM,32,100,48,34
3/29/17 01:53AM,32,96,48,34
3/29/17 02:53AM,30.9,96,48,34
3/29/17 03:53AM,32,88,48,34
3/29/17 04:53AM,30.9,96,47,34
3/29/17 05:53AM,30,92,46,35
3/29/17 06:53AM,30.9,96,46,35
3/29/17 07:53AM,32,96,44,34
3/29/17 08:03AM,32,96,45,35
3/29/17 08:09AM,32,100,45,35
3/29/17 08:53AM,36,93,46,35
3/29/17 09:53AM,37.9,93,47,34
3/29/17 10:02AM,37.9,97,47,34
3/29/17 10:11AM,39,93,47,34
3/29/17 10:53AM,39.9,86,47,34
3/29/17 11:53AM,41,82,47,34
3/29/17 12:53PM,44.1,71,48,34
3/29/17 01:53PM,43,71,47,34
3/29/17 02:53PM,44.1,68,47,34
3/29/17 03:53PM,41,73,46,35
3/29/17 04:53PM,39.9,79,45,35
3/29/17 05:53PM,39,82,45,35
3/29/17 06:53PM,39,79,45,35
3/29/17 07:53PM,37.9,86,44,36
3/29/17 08:53PM,39,86,45,35
3/29/17 09:53PM,39,89,45,35
3/29/17 10:53PM,39.9,86,45,35
3/29/17 11:53PM,41,82,45,35
3/30/17 12:53AM,39,86,45,35
3/30/17 01:53AM,39,82,47,34
3/30/17 02:53AM,37.9,86,47,34
3/30/17 03:53AM,37.9,89,46,35
3/30/17 04:28AM,37.9,89,47,34
3/30/17 04:38AM,37.9,89,46,35
3/30/17 04:48AM,37.4,93,47,34
3/30/17 04:53AM,37.9,89,46,35
3/30/17 05:14AM,37.9,89,45,35
3/30/17 05:40AM,37,93,45,35
3/30/17 05:53AM,37,93,46,35
3/30/17 06:53AM,37,93,46,35
3/30/17 07:53AM,37.9,89,47,34
3/30/17 08:23AM,37.9,93,47,34
3/30/17 08:29AM,37.9,93,47,34
3/30/17 08:53AM,37.9,93,47,34
3/30/17 09:53AM,39,89,46,35
3/30/17 10:53AM,39,93,47,34
3/30/17 11:53AM,39,89,47,32
3/30/17 12:12PM,39,89,47,34
3/30/17 12:53PM,39,93,47,34
3/30/17 01:21PM,39,93,45,35
3/30/17 01:32PM,39,89,45,35
3/30/17 01:53PM,39,93,48,34
3/30/17 02:00PM,39,93,47,34
3/30/17 02:26PM,39,93,48,34
3/30/17 02:53PM,39,93,48,34
3/30/17 03:48PM,39.2,93,45,35
3/30/17 03:53PM,39,93,44,36
3/30/17 04:53PM,39,93,45,35
3/30/17 05:09PM,39,89,45,33
3/30/17 05:53PM,39,89,46,35
3/30/17 06:53PM,37.9,93,45,31
3/30/17 07:53PM,37.9,89,45,35
3/30/17 08:53PM,37.9,89,44,34
3/30/17 09:53PM,37,89,44,36
3/30/17 10:17PM,37,89,45,35
3/30/17 10:53PM,37,89,45,35
3/30/17 11:53PM,37,89,44,36
3/31/17 12:19AM,37,89,44,36
3/31/17 12:53AM,37,89,44,36
3/31/17 01:24AM,37,89,44,36
3/31/17 01:53AM,37,89,44,36
3/31/17 02:53AM,37,89,44,36
3/31/17 03:53AM,37,89,43,36
3/31/17 04:53AM,37,89,44,36
3/31/17 05:53AM,36,93,44,36
3/31/17 06:53AM,37,89,44,36
3/31/17 07:53AM,36,93,44,36
3/31/17 08:33AM,36,93,44,36
3/31/17 08:42AM,37,89,44,36
3/31/17 08:50AM,37.4,93,44,36
3/31/17 08:53AM,37,93,44,36
3/31/17 09:14AM,37,93,44,36
3/31/17 09:29AM,37,89,45,35
3/31/17 09:53AM,37.9,89,44,36
3/31/17 10:39AM,39,86,44,36
3/31/17 10:53AM,37.9,86,44,36
3/31/17 11:53AM,37.9,89,45,31
3/31/17 12:19PM,37.9,86,44,32
3/31/17 12:53PM,37.9,86,44,36
3/31/17 01:21PM,39,82,44,36
3/31/17 01:53PM,39.9,79,45,35
3/31/17 02:53PM,39,79,44,34
3/31/17 03:08PM,39,79,44,34
3/31/17 03:46PM,39.9,73,45,35
3/31/17 03:53PM,41,70,45,33
3/31/17 04:53PM,39.9,70,39,38
3/31/17 05:53PM,39.9,70,38,34
3/31/17 06:53PM,39.9,68,38,39
3/31/17 07:53PM,37.9,73,38,39
3/31/17 09:53PM,39.9,70,38,39
3/31/17 10:53PM,39.9,70,39,38
3/31/17 11:53PM,37.9,73,38,39
4/1/17 12:53AM,36,76,38,39
4/1/17 01:53AM,35.1,76,37,39
4/1/17 02:53AM,34,79,37,39
4/1/17 03:53AM,35.1,70,37,39
4/1/17 04:53AM,35.1,67,37,39
4/1/17 05:53AM,35.1,61,36,40
4/1/17 06:53AM,34,64,37,39
4/1/17 07:53AM,37.9,57,38,39
4/1/17 08:53AM,44.1,43,40,38
4/1/17 09:53AM,48,34,42,37
4/1/17 10:53AM,51.1,29,42,37
4/1/17 11:53AM,53.1,27,42,37
4/1/17 12:53PM,52,28,43,36
4/1/17 01:53PM,53.1,29,45,33
4/1/17 02:53PM,52,28,45,30
4/1/17 03:53PM,52,28,46,35
4/1/17 04:53PM,52,28,45,35
4/1/17 05:53PM,48,34,45,35
4/1/17 06:53PM,45,37,43,36
4/1/17 07:53PM,43,42,42,35
4/1/17 08:53PM,42.1,45,41,37
4/1/17 09:53PM,39.9,58,41,37
4/1/17 10:53PM,42.1,41,41,37
4/1/17 11:53PM,42.1,43,41,37
4/2/17 12:53AM,42.1,41,41,37
4/2/17 01:53AM,43,37,41,37
4/2/17 02:53AM,42.1,40,41,37
4/2/17 03:53AM,42.1,38,41,37
4/2/17 04:53AM,42.1,41,41,37
4/2/17 05:53AM,42.1,38,40,38
4/2/17 06:53AM,39.9,63,41,37
4/2/17 07:53AM,44.1,47,42,37
4/2/17 08:53AM,46,42,43,36
4/2/17 09:53AM,48.9,36,44,36
4/2/17 10:53AM,51.1,39,45,35
4/2/17 11:53AM,48.9,43,44,36
4/2/17 12:53PM,51.1,41,45,35
4/2/17 01:53PM,51.1,39,46,35
4/2/17 02:53PM,48.9,44,44,36
4/2/17 03:53PM,48,48,42,37
4/2/17 04:53PM,48,52,43,36
4/2/17 05:53PM,45,68,43,36
4/2/17 06:53PM,44.1,73,42,37
4/2/17 07:53PM,43,80,41,37
4/2/17 08:53PM,42.1,70,40,38
4/2/17 09:53PM,43,65,41,37
4/2/17 10:53PM,44.1,65,40,38
4/2/17 11:53PM,44.1,71,40,38
4/3/17 12:53AM,45,74,41,37
4/3/17 01:53AM,45,76,46,35
4/3/17 02:53AM,45,74,42,37
4/3/17 03:53AM,46,71,42,37
4/3/17 04:53AM,45,76,42,37
4/3/17 05:53AM,43,86,40,69
4/3/17 06:53AM,44.1,82,41,66
4/3/17 07:53AM,44.1,79,40,68
4/3/17 08:53AM,45,80,40,67
4/3/17 09:53AM,46.9,74,41,64
4/3/17 10:53AM,46,76,41,64
4/3/17 11:53AM,46.9,77,42,50
4/3/17 12:53PM,48,71,42,37
4/3/17 01:53PM,48,68,42,37
4/3/17 02:44PM,46,73,41,60
4/3/17 02:53PM,45,80,41,69
4/3/17 03:14PM,44.1,85,40,77
4/3/17 03:23PM,43,89,40,79
4/3/17 03:53PM,42.1,89,40,86
4/3/17 04:12PM,42.1,89,40,90
4/3/17 04:35PM,42.1,92,40,95
4/3/17 04:45PM,42.1,89,39,95
4/3/17 04:53PM,42.1,89,39,95
4/3/17 04:59PM,42.1,92,39,95
4/3/17 05:23PM,42.1,92,40,95
4/3/17 05:53PM,42.1,92,39,95
4/3/17 06:05PM,42.1,96,40,95
4/3/17 06:41PM,42.1,92,39,95
4/3/17 06:53PM,42.1,92,40,95
4/3/17 07:13PM,42.1,92,40,95
4/3/17 07:37PM,42.1,92,39,95
4/3/17 07:44PM,42.1,92,39,95
4/3/17 07:53PM,42.1,92,39,95
4/3/17 08:29PM,42.1,92,39,95
4/3/17 08:37PM,42.1,92,39,95
4/3/17 08:44PM,42.1,92,39,95
4/3/17 08:53PM,42.1,92,39,95
4/3/17 09:43PM,42.1,92,39,95
4/3/17 09:53PM,42.1,92,39,95
4/3/17 10:53PM,42.1,92,39,95
4/3/17 11:53PM,44.1,93,39,95
4/4/17 12:09AM,44.1,93,40,95
4/4/17 12:53AM,45,93,41,95
4/4/17 01:53AM,45,93,42,89
4/4/17 02:37AM,45,93,42,87
4/4/17 02:53AM,45,93,41,85
4/4/17 03:53AM,45,90,42,80
4/4/17 04:27AM,45,90,42,80
4/4/17 04:53AM,44.1,93,42,80
4/4/17 05:53AM,44.1,89,41,82
4/4/17 06:53AM,44.1,89,41,78
4/4/17 07:53AM,45,86,42,78
4/4/17 08:00AM,45,90,42,78
4/4/17 08:53AM,45,90,42,79
4/4/17 09:05AM,45,90,42,80
4/4/17 09:21AM,45,90,42,81
4/4/17 09:43AM,45,90,42,85
4/4/17 09:53AM,45,90,42,83
4/4/17 10:05AM,46,89,42,82
4/4/17 10:25AM,46.9,86,42,80
4/4/17 10:43AM,46.9,86,42,80
4/4/17 10:53AM,46.9,86,42,80
4/4/17 11:53AM,48,80,43,70
4/4/17 12:39PM,50,71,43,66
4/4/17 12:53PM,52,69,43,67
4/4/17 01:36PM,50,68,45,62
4/4/17 01:53PM,51.1,68,45,61
4/4/17 02:28PM,52,69,46,59
4/4/17 02:53PM,52,66,46,58
4/4/17 03:08PM,53.1,66,46,56
4/4/17 03:53PM,53.1,64,46,55
4/4/17 04:53PM,55,59,46,54
4/4/17 05:53PM,55,53,46,53
4/4/17 06:53PM,53.1,57,45,37
4/4/17 07:53PM,48.9,66,45,45
4/4/17 08:53PM,45,80,44,53
4/4/17 09:53PM,42.1,82,43,55
4/4/17 10:53PM,44.1,76,41,68
4/4/17 11:53PM,42.1,70,41,37
4/5/17 12:53AM,43,68,41,37
4/5/17 01:53AM,42.1,73,40,38
4/5/17 02:53AM,42.1,67,40,38
4/5/17 03:53AM,44.1,58,40,38
4/5/17 04:53AM,43,62,39,38
4/5/17 05:53AM,42.1,67,39,40
4/5/17 06:53AM,42.1,62,39,38
4/5/17 07:53AM,41,67,39,38
4/5/17 08:53AM,41,67,39,38
4/5/17 09:53AM,39,79,38,74
4/5/17 10:07AM,39,82,38,75
4/5/17 10:53AM,39,82,38,80
4/5/17 11:53AM,37.9,89,37,90
4/5/17 12:01PM,37.9,89,37,91
4/5/17 12:32PM,37.9,89,37,93
4/5/17 12:53PM,37.9,93,37,95
4/5/17 01:53PM,37.9,93,37,95
4/5/17 02:53PM,37.9,93,37,95
4/5/17 03:00PM,37.9,93,38,95
4/5/17 03:53PM,37.9,93,37,95
4/5/17 04:53PM,39,93,38,92
4/5/17 05:53PM,39,89,38,88
4/5/17 06:00PM,39,89,38,88
4/5/17 06:53PM,39,89,38,88
4/5/17 07:53PM,39,89,38,89
4/5/17 08:17PM,39,89,38,87
4/5/17 08:53PM,39,89,38,88
4/5/17 09:53PM,39.9,89,38,89
4/5/17 10:24PM,39.9,86,38,88
4/5/17 10:31PM,39,89,38,89
4/5/17 10:53PM,39,89,38,90
4/5/17 11:53PM,39,86,37,84
4/6/17 12:27AM,39,86,37,89
4/6/17 12:53AM,37.9,89,37,90
4/6/17 01:53AM,37.9,83,37,82
4/6/17 02:35AM,37.9,76,36,78
4/6/17 02:53AM,37.9,76,37,73
4/6/17 03:53AM,39,70,37,69
4/6/17 04:53AM,39,65,38,64
4/6/17 05:53AM,39,62,38,58
4/6/17 06:53AM,39,62,38,53
4/6/17 07:53AM,39.9,60,39,51
4/6/17 08:53AM,41,60,39,51
4/6/17 09:53AM,41,65,38,53
4/6/17 10:53AM,44.1,63,39,52
4/6/17 11:53AM,46,61,40,52
4/6/17 12:53PM,46,61,41,51
4/6/17 01:53PM,46.9,56,41,49
4/6/17 02:53PM,46,58,40,51
4/6/17 03:53PM,46,56,41,49
4/6/17 04:53PM,43,62,40,50
4/6/17 05:53PM,41,65,39,51
4/6/17 06:53PM,39.9,68,39,53
4/6/17 07:53PM,37.9,73,38,57
4/6/17 08:53PM,37,76,37,56
4/6/17 09:53PM,37.9,73,38,54
4/6/17 10:53PM,37.9,70,38,55
4/6/17 11:53PM,39,60,38,53
4/7/17 12:53AM,39,50,40,43
4/7/17 01:53AM,39,46,39,40
4/7/17 02:53AM,39,46,39,40
4/7/17 03:53AM,37,50,38,41
4/7/17 04:53AM,36,52,38,42
4/7/17 05:53AM,36,52,38,42
4/7/17 06:53AM,35.1,57,38,42
4/7/17 07:53AM,37.9,48,39,41
4/7/17 08:53AM,42.1,38,38,40
4/7/17 09:53AM,44.1,27,39,38
4/7/17 10:53AM,45,22,40,38
4/7/17 11:53AM,48,19,41,37
4/7/17 12:53PM,48.9,23,41,37
4/7/17 01:53PM,50,28,41,37
4/7/17 02:53PM,50,28,41,37
4/7/17 03:53PM,48.9,27,41,37
4/7/17 04:53PM,50,28,41,37
4/7/17 05:53PM,46.9,28,42,37
4/7/17 06:53PM,46,28,43,36
4/7/17 07:53PM,43,34,42,37
4/7/17 08:53PM,41,40,41,37
4/7/17 09:53PM,39.9,38,41,37
4/7/17 10:53PM,37,46,40,38
4/7/17 11:53PM,37.9,45,41,37
4/8/17 12:53AM,39,46,42,37
4/8/17 01:53AM,39,49,40,38
4/8/17 02:53AM,39.9,47,40,38
4/8/17 03:53AM,39,50,41,37
4/8/17 04:53AM,37.9,55,40,38
4/8/17 05:53AM,37,57,40,38
4/8/17 06:53AM,39.9,58,40,38
4/8/17 07:53AM,48,42,42,37
4/8/17 08:53AM,51.1,41,45,35
4/8/17 09:53AM,54,35,47,34
4/8/17 10:53AM,55.9,40,49,33
4/8/17 11:53AM,57,37,48,34
4/8/17 12:53PM,57,37,50,33
4/8/17 01:53PM,57.9,37,50,33
4/8/17 02:53PM,57,40,50,33
4/8/17 03:53PM,55.9,44,51,30
4/8/17 04:53PM,55.9,45,50,33
4/8/17 05:53PM,55,47,50,33
4/8/17 06:53PM,52,54,49,33
4/8/17 07:53PM,53.1,55,49,33
4/8/17 08:53PM,53.1,57,51,32
4/8/17 09:53PM,53.1,57,50,33
4/8/17 10:53PM,52,59,49,33
4/8/17 11:53PM,50,63,49,33
4/9/17 12:53AM,48.9,66,51,32
4/9/17 01:53AM,50,63,49,33
4/9/17 02:53AM,50,66,50,33
4/9/17 03:53AM,52,61,50,33
4/9/17 04:53AM,55,59,50,33
4/9/17 05:53AM,57,57,48,34
4/9/17 06:53AM,57,57,48,34
4/9/17 07:53AM,57.9,58,49,33
4/9/17 08:53AM,62.1,53,50,33
4/9/17 09:53AM,66,48,50,33
4/9/17 10:53AM,69.1,47,53,29
4/9/17 11:53AM,71.1,45,53,29
4/9/17 12:53PM,72,46,53,30
4/9/17 01:53PM,69.1,47,53,27
4/9/17 02:53PM,66,50,53,29
4/9/17 03:53PM,66.9,51,53,29
4/9/17 04:53PM,63,56,53,30
4/9/17 05:53PM,62.1,60,52,30
4/9/17 06:53PM,63,60,52,30
4/9/17 07:53PM,71.1,57,53,29
4/9/17 08:53PM,71.1,55,54,29
4/9/17 09:53PM,69.1,57,54,27
4/9/17 10:53PM,69.1,54,54,28
4/9/17 11:53PM,68,55,53,29
4/10/17 12:53AM,68,56,51,31
4/10/17 01:53AM,66.9,59,49,33
4/10/17 02:53AM,66,60,51,30
4/10/17 03:53AM,63,67,51,32
4/10/17 04:53AM,68,63,51,32
4/10/17 05:07AM,66.9,68,52,31
4/10/17 05:12AM,64.9,78,53,29
4/10/17 05:22AM,62.1,86,52,30
4/10/17 05:40AM,62.1,86,52,30
4/10/17 05:53AM,63,84,53,29
4/10/17 06:53AM,64,80,52,30
4/10/17 07:53AM,64.9,70,53,29
4/10/17 08:53AM,64.9,61,53,29
4/10/17 09:53AM,69.1,53,54,29
4/10/17 10:53AM,72,46,54,26
4/10/17 11:53AM,73,49,55,25
4/10/17 12:53PM,73.9,46,56,25
4/10/17 01:50PM,46.4,76,47,30
4/10/17 01:53PM,46,83,47,29
4/10/17 02:14PM,44.1,85,43,36
4/10/17 02:18PM,44.1,85,43,40
4/10/17 02:31PM,43,89,42,54
4/10/17 02:41PM,43,#VALUE!,41,61
4/10/17 02:47PM,42.8,#VALUE!,41,63
4/10/17 02:53PM,43,#VALUE!,41,63
4/10/17 03:00PM,43,#VALUE!,41,62
4/10/17 03:08PM,42.1,#VALUE!,41,64
4/10/17 03:39PM,39.9,93,39,76
4/10/17 03:49PM,39.2,93,40,80
4/10/17 03:53PM,39.9,93,41,81
4/10/17 04:00PM,39.9,93,42,82
4/10/17 04:08PM,39.9,89,42,78
4/10/17 04:21PM,39.9,89,42,71
4/10/17 04:41PM,39.9,89,44,68
4/10/17 04:53PM,39.9,89,43,67
4/10/17 05:15PM,39.9,89,43,67
4/10/17 05:30PM,39,93,43,68
4/10/17 05:37PM,39,89,42,68
4/10/17 05:42PM,39,93,41,68
4/10/17 05:53PM,39,89,40,69
4/10/17 06:53PM,39,93,39,71
4/10/17 07:53PM,39,89,38,79
4/10/17 08:53PM,37.9,89,37,77
4/10/17 09:53PM,37.9,89,38,76
4/10/17 10:53PM,37.9,89,38,76
4/10/17 11:53PM,37.9,93,38,74
4/11/17 12:53AM,37.9,93,38,73
4/11/17 01:53AM,37.9,89,40,70
4/11/17 02:27AM,39,89,40,70
4/11/17 02:53AM,39,93,41,69
4/11/17 03:53AM,39.9,93,41,68
4/11/17 04:53AM,39.9,93,41,68
4/11/17 05:53AM,41,93,41,68
4/11/17 06:14AM,41,93,42,68
4/11/17 06:53AM,41,93,42,68
4/11/17 07:20AM,41,96,42,68
4/11/17 07:50AM,39.2,93,42,68
4/11/17 07:53AM,39.9,93,42,68
4/11/17 08:33AM,41,93,42,67
4/11/17 08:53AM,41,93,42,68
4/11/17 09:34AM,43,93,43,67
4/11/17 09:53AM,44.1,89,44,67
4/11/17 10:05AM,45,80,44,67
4/11/17 10:49AM,46.4,76,43,60
4/11/17 10:53AM,46.9,74,44,61
4/11/17 11:04AM,46.9,71,44,60
4/11/17 11:53AM,46.9,68,45,54
4/11/17 12:53PM,46.9,68,45,53
4/11/17 01:53PM,46.9,68,45,54
4/11/17 02:53PM,48,63,46,54
4/11/17 03:53PM,48,66,46,53
4/11/17 04:53PM,48,66,46,52
4/11/17 05:53PM,48,63,46,52
4/11/17 06:31PM,46.9,63,45,51
4/11/17 06:53PM,46.9,66,45,51
4/11/17 07:51PM,46.4,66,45,51
4/11/17 07:53PM,46,66,44,52
4/11/17 08:53PM,46,68,44,52
4/11/17 09:53PM,45,68,44,52
4/11/17 10:53PM,45,65,44,51
4/11/17 11:53PM,43,71,44,51
4/12/17 12:53AM,39.9,79,43,52
4/12/17 01:53AM,39.9,79,43,52
4/12/17 02:53AM,39,82,42,54
4/12/17 03:53AM,37.9,86,42,54
4/12/17 04:53AM,37,89,42,54
4/12/17 05:53AM,37,86,41,54
4/12/17 06:53AM,35.1,92,41,55
4/12/17 07:53AM,42.1,76,42,54
4/12/17 08:53AM,46,63,43,51
4/12/17 09:53AM,48,56,45,53
4/12/17 10:53AM,48.9,54,45,51
4/12/17 11:53AM,51.1,50,45,52
4/12/17 12:53PM,50,52,47,51
4/12/17 01:53PM,48.9,52,47,51
4/12/17 02:53PM,50,50,47,52
4/12/17 03:53PM,48.9,52,47,52
4/12/17 04:53PM,48,52,47,49
4/12/17 05:53PM,46,58,46,49
4/12/17 06:53PM,44.1,65,46,49
4/12/17 07:53PM,44.1,63,45,48
4/12/17 08:53PM,45,58,45,46
4/12/17 09:53PM,45,52,45,45
4/12/17 10:53PM,44.1,55,45,45
4/12/17 11:53PM,44.1,60,44,47
4/13/17 12:53AM,45,56,44,46
4/13/17 01:53AM,42.1,70,43,47
4/13/17 02:53AM,41,73,42,52
4/13/17 03:53AM,42.1,73,43,49
4/13/17 04:53AM,41,79,42,53
4/13/17 05:53AM,41,82,43,53
4/13/17 06:53AM,41,86,42,56
4/13/17 07:53AM,42.1,82,42,56
4/13/17 08:53AM,43,82,44,55
4/13/17 09:53AM,43,80,44,52
4/13/17 10:53AM,44.1,79,44,51
4/13/17 11:53AM,45,80,44,52
4/13/17 12:53PM,46.9,77,45,51
4/13/17 01:53PM,50,71,45,51
4/13/17 02:53PM,51.1,74,45,52
4/13/17 03:53PM,50,77,45,52
4/13/17 04:53PM,48,80,44,54
4/13/17 05:53PM,46.9,80,44,54
4/13/17 06:53PM,45,82,43,54
4/13/17 07:53PM,44.1,82,43,54
4/13/17 08:53PM,44.1,82,43,55
4/13/17 09:53PM,43,86,43,55
4/13/17 10:53PM,43,82,43,54
4/13/17 11:53PM,43,82,42,55
4/14/17 12:53AM,43,80,43,54
4/14/17 01:53AM,42.1,82,42,55
4/14/17 02:53AM,42.1,82,43,54
4/14/17 03:53AM,43,80,43,53
4/14/17 04:53AM,43,80,43,52
4/14/17 05:53AM,42.1,82,43,52
4/14/17 06:53AM,43,80,43,53
4/14/17 07:33AM,42.1,82,44,54
4/14/17 07:45AM,42.1,82,44,53
4/14/17 07:53AM,42.1,85,44,53
4/14/17 08:53AM,43,86,44,53
4/14/17 09:53AM,46,76,46,53
4/14/17 10:53AM,46,73,46,50
4/14/17 11:53AM,48.9,69,46,49
4/14/17 12:53PM,48.9,64,46,49
4/14/17 01:53PM,50,61,46,47
4/14/17 02:53PM,52,59,47,44
4/14/17 03:53PM,54,55,47,46
4/14/17 04:53PM,54,55,47,45
4/14/17 05:53PM,54,57,48,46
4/14/17 06:53PM,55,57,48,46
4/14/17 07:53PM,51.1,68,48,47
4/14/17 08:53PM,52,66,47,47
4/14/17 09:53PM,50,74,48,48
4/14/17 10:53PM,54,77,48,50
4/14/17 11:53PM,57,87,49,51
4/15/17 12:53AM,55,89,49,50
4/15/17 01:53AM,54,90,49,50
4/15/17 02:08AM,54,93,49,50
4/15/17 02:53AM,54,90,49,49
4/15/17 03:53AM,54,90,49,50
4/15/17 04:53AM,62.1,78,49,50
4/15/17 05:53AM,63,75,49,50
4/15/17 06:53AM,64.9,70,49,50
4/15/17 07:53AM,66.9,66,50,50
4/15/17 08:53AM,71.1,57,50,49
4/15/17 09:53AM,73,53,51,48
4/15/17 10:53AM,75.9,46,51,48
4/15/17 11:53AM,79,40,52,47
4/15/17 12:53PM,80.1,38,52,47
4/15/17 01:53PM,80.1,40,53,46
4/15/17 02:53PM,80.1,39,53,46
4/15/17 03:53PM,80.1,36,54,45
4/15/17 04:53PM,78.1,39,54,45
4/15/17 05:53PM,77,43,54,45
4/15/17 06:53PM,75.9,43,54,46
4/15/17 07:53PM,75,46,54,46
4/15/17 08:53PM,73,49,54,46
4/15/17 09:53PM,72,53,55,45
4/15/17 10:53PM,68,63,54,47
4/15/17 11:50PM,62.6,82,54,48
4/15/17 11:53PM,62.1,84,54,48
4/16/17 12:18AM,61,87,54,47
4/16/17 12:37AM,61,87,54,48
4/16/17 12:53AM,60.1,86,54,48
4/16/17 01:04AM,60.1,90,54,47
4/16/17 01:32AM,60.1,90,54,48
4/16/17 01:35AM,60.1,90,54,48
4/16/17 01:44AM,60.1,90,54,48
4/16/17 01:53AM,60.1,90,54,49
4/16/17 02:02AM,60.1,93,53,49
4/16/17 02:24AM,59,93,53,49
4/16/17 02:53AM,59,93,53,50
4/16/17 03:49AM,59,94,53,49
4/16/17 03:53AM,59,93,53,49
4/16/17 04:53AM,59,93,53,49
4/16/17 05:53AM,59,90,53,49
4/16/17 06:41AM,60.1,86,53,49
4/16/17 06:53AM,60.1,86,53,49
4/16/17 07:53AM,61,87,53,49
4/16/17 08:53AM,63,84,53,49
4/16/17 09:03AM,63,84,53,49
4/16/17 09:53AM,63,84,53,49
4/16/17 10:40AM,63,81,53,49
4/16/17 10:53AM,64,73,54,49
4/16/17 11:53AM,66.9,59,54,48
4/16/17 12:53PM,69.1,39,54,46
4/16/17 01:53PM,69.1,35,54,46
4/16/17 02:53PM,71.1,29,54,45
4/16/17 03:53PM,72,22,54,45
4/16/17 04:53PM,71.1,20,56,26
4/16/17 05:53PM,69.1,25,54,29
4/16/17 06:53PM,66,22,53,29
4/16/17 07:53PM,63,25,51,32
4/16/17 08:53PM,60.1,30,50,33
4/16/17 09:53PM,57.9,35,49,33
4/16/17 10:53PM,57,36,48,34
4/16/17 11:53PM,55,42,48,34
4/17/17 12:53AM,52,50,48,34
4/17/17 01:53AM,51.1,52,47,34
4/17/17 02:53AM,51.1,50,46,35
4/17/17 03:53AM,50,52,45,35
4/17/17 04:53AM,48.9,54,45,35
4/17/17 05:53AM,50,52,45,35
4/17/17 06:53AM,51.1,50,47,34
4/17/17 07:53AM,52,54,46,35
4/17/17 08:02AM,48,68,43,36
4/17/17 08:53AM,46.9,77,42,52
4/17/17 09:53AM,46,79,41,61
4/17/17 10:22AM,45,80,40,62
4/17/17 10:39AM,44.1,82,40,60
4/17/17 10:53AM,45,80,41,58
4/17/17 11:08AM,44.1,79,39,65
4/17/17 11:28AM,44.1,79,40,64
4/17/17 11:53AM,44.1,79,40,64
4/17/17 12:05PM,45,76,39,64
4/17/17 12:39PM,45,80,40,58
4/17/17 12:53PM,46,73,40,57
4/17/17 01:53PM,48,71,41,55
4/17/17 02:53PM,48,68,41,37
4/17/17 03:53PM,46,73,41,37
4/17/17 04:53PM,43,76,41,37
4/17/17 05:53PM,43,76,41,37
4/17/17 06:53PM,41,79,40,38
4/17/17 07:53PM,39.9,83,39,57
4/17/17 08:53PM,39.9,83,39,63
4/17/17 09:53PM,39,89,39,66
4/17/17 10:53PM,39,86,39,64
4/17/17 11:53PM,39.9,86,39,62
4/18/17 12:53AM,39.9,86,39,60
4/18/17 01:53AM,39.9,86,40,60
4/18/17 02:53AM,39.9,89,43,57
4/18/17 03:53AM,39.9,89,41,60
4/18/17 04:53AM,39,89,41,62
4/18/17 05:53AM,43,82,41,42
4/18/17 06:53AM,43,86,42,37
4/18/17 07:53AM,46,76,43,36
4/18/17 08:53AM,50,71,45,35
4/18/17 09:53AM,53.1,64,48,34
4/18/17 10:53AM,55.9,60,52,30
4/18/17 11:53AM,55.9,60,47,34
4/18/17 12:53PM,59,51,50,33
4/18/17 01:53PM,59,49,51,32
4/18/17 02:53PM,61,46,52,32
4/18/17 03:53PM,60.1,44,51,32
4/18/17 04:53PM,63,40,53,31
4/18/17 05:53PM,61,44,52,32
4/18/17 06:53PM,60.1,49,51,32
4/18/17 07:53PM,60.1,53,49,33
4/18/17 08:53PM,60.1,57,49,33
4/18/17 09:53PM,60.1,62,49,33
4/18/17 10:53PM,61,64,51,32
4/18/17 11:53PM,68,59,51,32
4/19/17 12:53AM,66.9,61,53,31
4/19/17 01:53AM,66,65,53,31
4/19/17 02:53AM,64.9,68,52,32
4/19/17 03:53AM,64,73,51,32
4/19/17 04:53AM,63,78,51,32
4/19/17 05:53AM,62.1,80,51,32
4/19/17 06:53AM,61,83,50,33
4/19/17 07:45AM,61,81,50,33
4/19/17 07:53AM,61,83,50,33
4/19/17 08:25AM,57.9,81,46,35
4/19/17 08:50AM,57.2,82,47,34
4/19/17 08:53AM,57.9,75,47,34
4/19/17 09:45AM,57.9,70,47,34
4/19/17 09:53AM,57.9,70,47,34
4/19/17 10:53AM,59,67,47,34
4/19/17 11:15AM,57.9,67,47,34
4/19/17 11:53AM,55.9,69,46,35
4/19/17 12:53PM,53.1,74,45,35
4/19/17 01:53PM,48.9,74,43,36
4/19/17 02:53PM,46.9,74,42,37
4/19/17 03:53PM,46,73,41,37
4/19/17 04:53PM,45,74,42,37
4/19/17 05:05PM,45,74,41,37
4/19/17 05:53PM,44.1,76,40,38
4/19/17 06:53PM,44.1,76,40,38
4/19/17 07:40PM,42.1,79,40,38
4/19/17 07:53PM,42.1,79,40,38
4/19/17 08:53PM,42.1,79,40,38
4/19/17 09:53PM,41,82,40,38
4/19/17 10:53PM,41,86,39,38
4/19/17 11:53PM,42.1,82,40,38
4/20/17 12:53AM,42.1,85,46,35
4/20/17 01:18AM,43,86,42,37
4/20/17 01:33AM,43,86,43,36
4/20/17 01:53AM,45,80,48,34
4/20/17 02:14AM,46.9,80,45,35
4/20/17 02:23AM,50,80,46,35
4/20/17 02:32AM,46,86,42,37
4/20/17 02:37AM,46,86,42,37
4/20/17 02:53AM,45,90,41,65
4/20/17 03:07AM,45,90,41,70
4/20/17 03:50AM,44.6,87,40,74
4/20/17 03:53AM,44.1,89,41,73
4/20/17 04:51AM,44.6,87,40,75
4/20/17 04:53AM,44.1,89,40,75
4/20/17 05:03AM,44.1,89,40,76
4/20/17 05:53AM,43,93,40,76
4/20/17 06:19AM,43,93,41,76
4/20/17 06:53AM,44.1,96,42,74
4/20/17 07:09AM,44.1,93,43,71
4/20/17 07:53AM,48,89,44,67
4/20/17 08:53AM,52,86,47,48
4/20/17 09:53AM,57.9,81,48,50
4/20/17 10:22AM,61,78,47,51
4/20/17 10:53AM,64.9,73,49,50
4/20/17 11:07AM,66,70,53,46
4/20/17 11:42AM,64,70,53,43
4/20/17 11:53AM,64,67,53,45
4/20/17 12:53PM,64,65,53,42
4/20/17 01:00PM,64.9,63,53,43
4/20/17 01:41PM,64,63,53,41
4/20/17 01:53PM,64,63,53,41
4/20/17 02:53PM,61,67,52,42
4/20/17 03:51PM,60.8,59,52,40
4/20/17 03:53PM,60.1,62,52,40
4/20/17 04:03PM,60.1,62,52,39
4/20/17 04:21PM,60.1,64,52,42
4/20/17 04:53PM,57.9,65,51,41
4/20/17 05:03PM,57.9,65,51,41
4/20/17 05:53PM,57,59,50,42
4/20/17 06:36PM,55,64,49,41
4/20/17 06:53PM,54,62,48,42
4/20/17 07:53PM,54,62,49,42
4/20/17 08:53PM,52,63,47,44
4/20/17 09:53PM,52,63,46,46
4/20/17 10:53PM,51.1,63,45,45
4/20/17 11:10PM,50,63,46,45
4/20/17 11:31PM,50,63,46,45
4/20/17 11:44PM,50,63,45,45
4/20/17 11:53PM,50,63,47,45
4/21/17 12:36AM,50,61,45,44
4/21/17 12:53AM,50,59,44,44
4/21/17 01:53AM,48.9,56,43,42
4/21/17 02:53AM,46.9,59,44,43
4/21/17 03:53AM,46,66,43,44
4/21/17 04:33AM,43,65,41,46
4/21/17 04:53AM,43,65,41,46
4/21/17 05:53AM,39.9,68,40,48
4/21/17 06:53AM,41,65,40,48
4/21/17 07:13AM,41,65,40,48
4/21/17 07:53AM,43,62,40,48
4/21/17 08:53AM,46,58,41,45
4/21/17 09:25AM,46,58,42,44
4/21/17 09:33AM,46,58,42,43
4/21/17 09:53AM,46,56,42,44
4/21/17 10:53AM,46.9,56,42,45
4/21/17 11:53AM,45,60,41,46
4/21/17 12:53PM,48.9,56,41,44
4/21/17 01:53PM,51.1,52,43,44
4/21/17 02:53PM,53.1,50,43,43
4/21/17 03:53PM,53.1,50,43,43
4/21/17 04:53PM,52,53,44,43
4/21/17 05:53PM,50,52,43,42
4/21/17 06:53PM,46.9,56,43,42
4/21/17 07:53PM,44.1,63,42,44
4/21/17 08:53PM,44.1,63,42,45
4/21/17 09:53PM,42.1,67,41,45
4/21/17 10:53PM,44.1,63,41,46
4/21/17 11:53PM,43,68,41,47
4/22/17 12:53AM,43,65,41,47
4/22/17 01:53AM,42.1,65,40,48
4/22/17 02:53AM,39.9,70,40,48
4/22/17 03:53AM,39,73,40,50
4/22/17 04:53AM,39,76,39,52
4/22/17 05:53AM,37.9,79,39,53
4/22/17 06:53AM,39.9,77,39,54
4/22/17 07:53AM,46,58,41,48
4/22/17 08:53AM,48.9,43,42,37
4/22/17 09:53AM,51.1,36,42,37
4/22/17 10:53AM,51.1,35,43,36
4/22/17 11:53AM,52,34,43,36
4/22/17 12:53PM,52,34,43,36
4/22/17 01:53PM,54,33,43,36
4/22/17 02:53PM,55,33,44,36
4/22/17 03:53PM,55.9,28,45,35
4/22/17 04:53PM,57,27,45,35
4/22/17 05:53PM,55.9,25,45,35
4/22/17 06:53PM,54,28,46,35
4/22/17 07:53PM,52,26,45,35
4/22/17 08:53PM,46.9,42,44,36
4/22/17 09:53PM,43,56,44,36
4/22/17 10:53PM,42.1,58,43,36
4/22/17 11:53PM,39.9,68,43,36
4/23/17 12:53AM,39.9,68,42,37
4/23/17 01:53AM,39.9,68,42,37
4/23/17 02:53AM,37.9,76,41,37
4/23/17 03:53AM,37,73,41,37
4/23/17 04:53AM,43,53,41,37
4/23/17 05:53AM,41,57,41,37
4/23/17 06:53AM,46.9,42,42,37
4/23/17 07:53AM,52,37,45,35
4/23/17 08:53AM,57,32,47,34
4/23/17 09:53AM,60.1,35,49,33
4/23/17 10:53AM,64.9,29,51,32
4/23/17 11:53AM,66.9,28,52,32
4/23/17 12:53PM,68,25,53,31
4/23/17 01:53PM,68,30,54,29
4/23/17 02:36PM,52,63,48,34
4/23/17 02:53PM,48.9,71,45,35
4/23/17 03:53PM,46,73,41,53
4/23/17 04:53PM,45,74,40,56
4/23/17 05:53PM,43,76,40,55
4/23/17 06:53PM,41,79,39,57
4/23/17 07:53PM,39.9,83,39,62
4/23/17 08:53PM,39,86,39,61
4/23/17 09:53PM,39,86,38,61
4/23/17 10:53PM,39,82,38,60
4/23/17 11:53PM,39,82,38,61
4/24/17 12:53AM,37.9,86,38,63
4/24/17 01:53AM,37.9,86,38,64
4/24/17 02:53AM,39,86,38,65
4/24/17 03:53AM,39,86,38,66
4/24/17 04:53AM,37.9,89,38,68
4/24/17 05:53AM,37.9,89,38,68
4/24/17 06:53AM,39.9,89,39,66
4/24/17 07:53AM,46,79,41,61
4/24/17 08:53AM,48.9,71,42,54
4/24/17 09:53AM,52,63,43,50
4/24/17 10:53AM,53.1,57,45,35
4/24/17 11:53AM,59,44,48,34
4/24/17 12:53PM,63,28,48,34
4/24/17 01:53PM,64,28,50,33
4/24/17 02:53PM,64,30,51,32
4/24/17 03:53PM,64,30,49,33
4/24/17 04:53PM,60.1,36,49,33
4/24/17 05:53PM,61,34,47,34
4/24/17 06:53PM,55,43,47,34
4/24/17 07:53PM,52,49,46,35
4/24/17 08:53PM,50,52,45,35
4/24/17 09:53PM,51.1,50,45,35
4/24/17 10:53PM,51.1,52,51,32
4/24/17 11:53PM,55,47,48,34
4/25/17 12:53AM,55,47,46,35
4/25/17 01:53AM,53.1,52,45,35
4/25/17 02:53AM,53.1,52,45,35
4/25/17 03:53AM,51.1,61,45,35
4/25/17 04:53AM,50,68,45,35
4/25/17 05:53AM,48.9,74,44,36
4/25/17 06:53AM,50,77,45,35
4/25/17 07:53AM,51.1,77,45,35
4/25/17 08:53AM,55,74,48,34
4/25/17 09:53AM,57,72,53,31
4/25/17 10:53AM,60.1,67,53,31
4/25/17 11:53AM,60.1,67,51,32
4/25/17 12:53PM,63,60,54,30
4/25/17 01:53PM,64,58,53,31
4/25/17 02:53PM,66,54,54,31
4/25/17 03:53PM,64,58,54,31
4/25/17 04:53PM,64.9,58,51,32
4/25/17 05:53PM,64,60,54,31
4/25/17 06:53PM,60.1,67,51,32
4/25/17 07:53PM,57,72,48,34
4/25/17 08:53PM,60.1,67,53,31
4/25/17 09:53PM,61,67,50,33
4/25/17 10:53PM,59,69,49,33
4/25/17 11:53PM,57.9,72,49,33
4/26/17 12:53AM,55.9,75,48,34
4/26/17 01:53AM,55,77,47,34
4/26/17 02:53AM,55.9,75,47,34
4/26/17 03:53AM,55.9,77,47,34
4/26/17 04:53AM,55,80,47,34
4/26/17 05:53AM,54,83,47,34
4/26/17 06:53AM,55,80,47,34
4/26/17 07:53AM,59,75,52,32
4/26/17 08:53AM,57.9,78,50,33
4/26/17 09:53AM,60.1,72,52,32
4/26/17 10:40AM,57.9,75,53,31
4/26/17 10:53AM,57.9,81,49,33
4/26/17 11:00AM,57.9,81,50,33
4/26/17 11:53AM,61,78,48,34
4/26/17 12:33PM,68,68,54,31
4/26/17 12:53PM,69.1,65,55,28
4/26/17 01:53PM,72,59,56,26
4/26/17 02:53PM,73,57,57,25
4/26/17 03:53PM,71.1,59,57,25
4/26/17 04:53PM,71.1,57,56,28
4/26/17 05:53PM,69.1,61,55,28
4/26/17 06:53PM,66.9,66,54,29
4/26/17 07:53PM,64,73,52,30
4/26/17 08:53PM,61,78,51,31
4/26/17 09:53PM,62.1,75,51,32
4/26/17 10:53PM,60.1,80,50,33
4/26/17 11:53PM,57.9,90,49,33
4/27/17 12:21AM,57,93,48,34
4/27/17 12:31AM,57,93,48,35
4/27/17 12:43AM,57,93,48,35
4/27/17 12:53AM,55.9,93,47,36
4/27/17 01:37AM,55,93,46,36
4/27/17 01:49AM,53.6,100,47,36
4/27/17 01:53AM,54,97,47,35
4/27/17 02:07AM,54,97,47,36
4/27/17 02:29AM,55,93,46,36
4/27/17 02:53AM,54,97,46,36
4/27/17 03:03AM,54,93,46,36
4/27/17 03:11AM,54,97,46,36
4/27/17 03:53AM,53.1,93,47,34
4/27/17 04:18AM,53.1,96,47,34
4/27/17 04:36AM,53.1,96,46,35
4/27/17 04:53AM,53.1,96,46,35
4/27/17 05:04AM,53.1,93,47,34
4/27/17 05:16AM,52,97,47,34
4/27/17 05:53AM,52,97,46,35
4/27/17 06:26AM,52,97,47,34
4/27/17 06:35AM,53.1,96,47,34
4/27/17 06:43AM,52,100,47,34
4/27/17 06:53AM,51.1,96,46,35
4/27/17 07:53AM,48.9,90,45,35
4/27/17 08:03AM,48,89,45,35
4/27/17 08:40AM,46,89,47,34
4/27/17 08:46AM,46,86,45,35
4/27/17 08:53AM,46,89,45,35
4/27/17 09:53AM,46.9,77,46,35
4/27/17 10:00AM,46.9,77,46,35
4/27/17 10:53AM,46,73,47,34
4/27/17 11:53AM,46,71,46,35
4/27/17 12:53PM,45,65,47,34
4/27/17 01:53PM,44.1,71,45,35
4/27/17 02:53PM,43,80,46,35
4/27/17 03:53PM,44.1,73,45,35
4/27/17 04:34PM,45,71,45,35
4/27/17 04:53PM,45,71,45,35
4/27/17 05:05PM,44.1,76,45,35
4/27/17 05:14PM,44.1,76,45,35
4/27/17 05:24PM,45,76,46,35
4/27/17 05:35PM,45,71,45,35
4/27/17 05:53PM,44.1,73,46,35
4/27/17 06:11PM,44.1,71,44,36
4/27/17 06:18PM,44.1,71,44,36
4/27/17 06:25PM,44.1,71,43,36
4/27/17 06:48PM,44.6,66,43,36
4/27/17 06:53PM,44.1,68,43,36
4/27/17 07:53PM,44.1,68,44,36
4/27/17 08:53PM,44.1,63,43,36
4/27/17 09:53PM,43,65,42,37
4/27/17 10:39PM,43,65,42,37
4/27/17 10:53PM,43,65,42,37
4/27/17 11:22PM,43,68,42,37
4/27/17 11:53PM,43,68,43,36
4/28/17 12:53AM,43,71,42,37
4/28/17 01:41AM,43,68,41,37
4/28/17 01:53AM,43,65,43,36
4/28/17 02:53AM,39.9,73,41,37
4/28/17 03:53AM,39.9,68,40,38
4/28/17 04:53AM,39,70,39,38
4/28/17 05:53AM,37,76,39,38
4/28/17 06:53AM,39,73,40,38
4/28/17 07:53AM,41,67,41,37
4/28/17 08:53AM,44.1,63,42,37
4/28/17 09:53AM,46.9,61,44,36
4/28/17 10:53AM,50,57,46,35
4/28/17 11:53AM,46.9,63,46,35
4/28/17 12:53PM,48,61,47,34
4/28/17 01:53PM,50,59,47,34
4/28/17 02:53PM,46.9,71,44,36
4/28/17 03:53PM,46.9,74,43,36
4/28/17 04:53PM,46.9,74,42,37
4/28/17 05:53PM,46,76,42,37
4/28/17 06:53PM,46,76,41,37
4/28/17 07:53PM,44.1,82,41,37
4/28/17 08:53PM,44.1,79,41,37
4/28/17 09:53PM,43,86,40,38
4/28/17 10:11PM,43,86,40,38
4/28/17 10:19PM,43,86,40,38
4/28/17 10:53PM,42.1,85,39,38
4/28/17 11:53PM,42.1,89,40,38
4/29/17 12:07AM,42.1,89,40,40
4/29/17 12:53AM,42.1,85,40,38
4/29/17 01:53AM,42.1,82,40,38
4/29/17 02:30AM,42.1,82,40,38
4/29/17 02:53AM,43,80,40,38
4/29/17 03:53AM,42.1,76,40,38
4/29/17 04:53AM,42.1,73,40,38
4/29/17 05:53AM,43,62,40,38
4/29/17 06:53AM,42.1,67,39,38
4/29/17 07:53AM,39.9,73,39,38
4/29/17 08:53AM,41,73,39,38
4/29/17 09:53AM,42.1,67,39,38
4/29/17 10:53AM,43,65,40,38
4/29/17 11:53AM,41,65,39,38
4/29/17 12:53PM,41,65,39,38
4/29/17 01:53PM,39.9,70,39,38
4/29/17 02:53PM,39,73,38,39
4/29/17 03:53PM,37.9,83,38,39
4/29/17 04:53PM,37.9,83,38,39
4/29/17 05:53PM,39,82,37,39
4/29/17 06:53PM,39,86,38,40
4/29/17 07:53PM,39,89,38,42
4/29/17 08:53PM,39.9,86,38,41
4/29/17 09:53PM,41,89,39,41
4/29/17 10:02PM,41,89,39,42
4/29/17 10:23PM,41,93,39,42
4/29/17 10:53PM,42.1,92,40,42
4/29/17 11:53PM,42.1,92,40,43
4/30/17 12:25AM,42.1,92,40,43
4/30/17 12:53AM,42.1,92,39,43
4/30/17 01:00AM,42.1,92,39,44
4/30/17 01:29AM,42.1,89,39,44
4/30/17 01:53AM,41,93,39,44
4/30/17 02:19AM,41,93,39,44
4/30/17 02:53AM,41,93,39,44
4/30/17 03:37AM,41,89,39,44
4/30/17 03:53AM,41,89,39,44
4/30/17 04:32AM,41,89,39,44
4/30/17 04:45AM,41,89,39,44
4/30/17 04:53AM,41,89,39,45
4/30/17 05:08AM,41,93,39,45
4/30/17 05:35AM,41,93,39,45
4/30/17 05:45AM,41,93,39,45
4/30/17 05:53AM,41,93,39,45
4/30/17 06:25AM,41,93,39,46
4/30/17 06:53AM,41,93,39,46
4/30/17 07:53AM,41,93,39,46
4/30/17 08:21AM,41,93,39,46
4/30/17 08:35AM,41,93,39,46
4/30/17 08:53AM,41,93,39,46
4/30/17 09:31AM,42.1,89,39,46
4/30/17 09:53AM,42.1,92,39,46
4/30/17 10:53AM,42.1,92,39,46
4/30/17 11:53AM,43,93,40,46
4/30/17 12:00PM,43,93,40,46
4/30/17 12:08PM,43,93,40,46
4/30/17 12:50PM,42.8,87,40,46
4/30/17 12:53PM,42.1,92,40,46
4/30/17 01:53PM,42.1,92,39,46
4/30/17 02:12PM,42.1,92,40,46
4/30/17 02:53PM,42.1,92,39,45
4/30/17 03:53PM,42.1,92,39,45
4/30/17 04:53PM,42.1,89,39,44
4/30/17 05:53PM,42.1,92,39,44
4/30/17 06:33PM,41,96,39,46
4/30/17 06:53PM,41,96,39,45
4/30/17 07:28PM,41,93,39,46
4/30/17 07:43PM,41,93,39,46
4/30/17 07:53PM,41,96,39,46
4/30/17 08:15PM,42.1,92,39,46
4/30/17 08:53PM,42.1,92,39,47
4/30/17 09:53PM,42.1,92,39,48
4/30/17 10:02PM,42.1,92,39,48
4/30/17 10:53PM,42.1,92,39,48
4/30/17 11:42PM,42.1,92,39,48
4/30/17 11:51PM,42.8,87,39,48
4/30/17 11:53PM,42.1,92,39,48
5/1/17 12:08AM,42.1,92,39,48
5/1/17 12:19AM,41,96,39,48
5/1/17 12:33AM,41,96,39,48
5/1/17 12:35AM,41,96,39,48
5/1/17 12:42AM,42.1,92,39,48
5/1/17 12:51AM,42.8,87,39,48
5/1/17 12:53AM,42.1,92,39,48
5/1/17 01:53AM,41,93,39,48
5/1/17 02:20AM,41,93,39,48
5/1/17 02:38AM,41,93,39,48
5/1/17 02:53AM,41,93,39,48
5/1/17 03:32AM,41,96,39,48
5/1/17 03:42AM,41,96,39,48
5/1/17 03:51AM,41,93,39,48
5/1/17 03:53AM,41,96,39,48
5/1/17 04:53AM,42.1,96,40,48
5/1/17 05:53AM,43,97,40,49
5/1/17 06:25AM,45,93,42,48
5/1/17 06:49AM,48.2,93,45,46
5/1/17 06:53AM,46.9,97,44,47
5/1/17 07:12AM,46.9,97,45,46
5/1/17 07:53AM,48.9,86,45,36
5/1/17 08:53AM,53.1,71,45,35
5/1/17 09:53AM,55.9,64,48,34
5/1/17 10:53AM,57,55,52,32
5/1/17 11:53AM,57,55,48,34
5/1/17 12:53PM,55.9,60,47,34
5/1/17 01:53PM,53.1,69,48,34
5/1/17 02:53PM,54,64,52,32
5/1/17 03:53PM,54,69,50,33
5/1/17 04:53PM,54,64,49,33
5/1/17 05:53PM,52,66,48,34
5/1/17 06:53PM,50,74,45,35
5/1/17 07:53PM,48.9,77,44,36
5/1/17 08:53PM,46.9,71,43,36
5/1/17 09:53PM,46.9,74,46,35
5/1/17 10:01PM,46.9,71,46,35
5/1/17 10:24PM,46,73,45,35
5/1/17 10:53PM,46,73,44,36
5/1/17 11:09PM,46,73,45,35
5/1/17 11:53PM,45,76,44,36
5/2/17 12:53AM,44.1,79,44,36
5/2/17 01:23AM,43,80,44,36
5/2/17 01:53AM,42.1,82,43,36
5/2/17 02:13AM,42.1,79,43,36
5/2/17 02:53AM,42.1,73,43,36
5/2/17 03:53AM,41,76,42,37
5/2/17 04:53AM,39.9,83,42,37
5/2/17 05:03AM,39.9,83,41,37
5/2/17 05:53AM,41,79,41,37
5/2/17 06:53AM,42.1,70,42,37
5/2/17 07:53AM,43,68,43,36
5/2/17 08:53AM,44.1,65,43,36
5/2/17 09:53AM,45,63,44,36
5/2/17 10:53AM,46,63,45,35
5/2/17 11:25AM,46.9,63,44,36
5/2/17 11:38AM,46.9,63,45,35
5/2/17 11:53AM,48,61,47,34
5/2/17 12:53PM,48.9,59,45,35
5/2/17 01:09PM,48.9,56,46,35
5/2/17 01:53PM,48.9,56,45,35
5/2/17 02:53PM,48.9,54,44,36
5/2/17 03:53PM,48.9,56,44,36
5/2/17 04:53PM,48.9,59,43,36
5/2/17 05:53PM,46.9,68,43,36
5/2/17 06:53PM,46,71,42,37
5/2/17 07:53PM,46.9,68,42,37
5/2/17 08:53PM,45,71,42,37
5/2/17 09:53PM,45,71,42,37
5/2/17 10:53PM,43,76,41,37
5/2/17 11:53PM,42.1,76,41,37
5/3/17 12:53AM,41,76,41,37
5/3/17 01:53AM,39.9,79,40,38
5/3/17 02:53AM,35.1,85,40,38
5/3/17 03:53AM,35.1,89,39,38
5/3/17 04:53AM,36,86,39,38
5/3/17 05:53AM,36,86,39,38
5/3/17 06:53AM,39.9,89,40,38
5/3/17 07:53AM,46.9,68,43,36
5/3/17 08:53AM,50,48,45,35
5/3/17 09:53AM,52,40,45,35
5/3/17 10:53AM,53.1,38,47,34
5/3/17 11:53AM,53.1,37,47,34
5/3/17 12:53PM,53.1,37,47,34
5/3/17 01:53PM,53.1,37,48,34
5/3/17 02:53PM,52,38,48,34
5/3/17 03:53PM,53.1,38,45,35
5/3/17 04:53PM,52,38,45,35
5/3/17 05:53PM,51.1,38,45,35
5/3/17 06:53PM,50,41,44,36
5/3/17 07:53PM,48,48,44,36
5/3/17 08:53PM,48,46,44,36
5/3/17 09:53PM,46,56,43,36
5/3/17 10:53PM,46,56,43,36
5/3/17 11:53PM,44.1,60,42,37
5/4/17 12:53AM,43,68,42,37
5/4/17 01:53AM,42.1,65,41,37
5/4/17 02:53AM,42.1,67,41,37
5/4/17 03:53AM,39.9,70,41,37
5/4/17 04:53AM,39.9,68,40,38
5/4/17 05:53AM,41,70,41,37
5/4/17 06:53AM,44.1,68,41,37
5/4/17 07:53AM,45,65,42,37
5/4/17 08:53AM,46,66,42,37
5/4/17 09:53AM,48,63,42,37
5/4/17 10:53AM,50,66,43,36
5/4/17 11:53AM,54,59,44,36
5/4/17 12:53PM,53.1,55,43,36
5/4/17 01:53PM,55,55,44,36
5/4/17 02:53PM,55,53,45,35
5/4/17 03:53PM,55.9,45,45,35
5/4/17 04:53PM,55,43,45,35
5/4/17 05:53PM,54,45,45,35
5/4/17 06:53PM,54,43,46,35
5/4/17 07:53PM,48,52,43,36
5/4/17 08:53PM,43,80,42,37
5/4/17 09:53PM,43,74,41,37
5/4/17 10:53PM,44.1,68,42,37
5/4/17 11:53PM,44.1,76,41,37
5/5/17 12:53AM,42.1,85,40,38
5/5/17 01:53AM,42.1,85,40,38
5/5/17 02:53AM,42.1,85,39,39
5/5/17 03:07AM,42.1,85,39,39
5/5/17 03:53AM,42.1,85,39,39
5/5/17 04:53AM,41,89,39,39
5/5/17 05:53AM,42.1,85,39,39
5/5/17 06:35AM,43,82,40,38
5/5/17 06:53AM,43,82,40,38
5/5/17 07:09AM,43,82,40,38
5/5/17 07:28AM,43,82,40,38
5/5/17 07:53AM,45,80,40,38
5/5/17 08:00AM,45,76,40,38
5/5/17 08:28AM,44.1,79,40,38
5/5/17 08:53AM,44.1,79,40,38
5/5/17 09:12AM,43,80,39,38
5/5/17 09:53AM,43,82,40,39
5/5/17 10:53AM,44.1,79,42,37
5/5/17 11:53AM,46,73,45,35
5/5/17 12:46PM,46.9,74,45,35
5/5/17 12:53PM,48,71,45,35
5/5/17 01:53PM,48.9,71,45,35
5/5/17 02:53PM,51.1,63,46,35
5/5/17 03:53PM,48.9,66,46,35
5/5/17 04:53PM,48.9,69,46,35
5/5/17 05:53PM,48.9,66,46,35
5/5/17 06:53PM,48,66,47,34
5/5/17 07:53PM,43,76,47,34
5/5/17 08:53PM,44.1,73,47,34
5/5/17 09:53PM,43,74,47,34
5/5/17 10:53PM,45,68,47,34
5/5/17 11:53PM,46,68,48,34
5/6/17 12:53AM,46,71,49,33
5/6/17 01:53AM,46.9,66,49,33
5/6/17 02:53AM,46,68,49,33
5/6/17 03:53AM,46,63,47,34
5/6/17 04:53AM,43,68,46,35
5/6/17 05:53AM,42.1,70,46,35
5/6/17 06:53AM,43,71,45,35
5/6/17 07:53AM,45,71,45,35
5/6/17 08:53AM,46.9,66,45,35
5/6/17 09:53AM,50,59,45,35
5/6/17 10:53AM,51.1,54,46,35
5/6/17 11:53AM,52,53,46,35
5/6/17 12:53PM,53.1,47,46,35
5/6/17 01:53PM,53.1,45,47,34
5/6/17 02:53PM,52,45,47,34
5/6/17 03:53PM,53.1,43,47,34
5/6/17 04:53PM,51.1,44,47,34
5/6/17 05:53PM,48.9,41,47,34
5/6/17 06:53PM,48,42,47,34
5/6/17 07:53PM,44.1,47,48,34
5/6/17 08:53PM,43,51,47,34
5/6/17 09:53PM,44.1,51,47,34
5/6/17 10:53PM,42.1,55,47,34
5/6/17 11:53PM,41,60,46,35
5/7/17 12:53AM,41,53,46,35
5/7/17 01:53AM,42.1,47,46,35
5/7/17 02:53AM,41,49,47,34
5/7/17 03:53AM,39,53,47,34
5/7/17 04:53AM,37.9,53,47,34
5/7/17 05:53AM,37.9,55,46,35
5/7/17 06:53AM,42.1,45,46,35
5/7/17 07:53AM,46,40,46,35
5/7/17 08:53AM,48.9,38,46,35
5/7/17 09:53AM,50,39,46,35
5/7/17 10:53AM,51.1,41,46,35
5/7/17 11:53AM,50,46,47,34
5/7/17 12:53PM,48,54,46,35
5/7/17 01:53PM,46.9,56,46,35
5/7/17 02:53PM,46.9,54,46,35
5/7/17 03:53PM,46.9,52,46,35
5/7/17 04:53PM,45,53,47,34
5/7/17 05:53PM,44.1,53,47,34
5/7/17 06:53PM,43,56,49,33
5/7/17 07:53PM,41,57,49,33
5/7/17 08:53PM,39.9,63,49,33
5/7/17 09:53PM,37.9,68,49,33
5/7/17 10:53PM,37.9,68,48,34
5/7/17 11:53PM,37,70,47,34
5/8/17 12:53AM,36,64,47,34
5/8/17 01:53AM,36,64,46,35
5/8/17 02:53AM,36,64,46,35
5/8/17 03:53AM,36,70,45,35
5/8/17 04:53AM,34,73,45,35
5/8/17 05:53AM,35.1,76,45,35
5/8/17 06:53AM,39.9,65,46,35
5/8/17 07:53AM,43,58,46,35
5/8/17 08:53AM,44.1,49,47,34
5/8/17 09:53AM,46.9,44,47,34
5/8/17 10:53AM,46.9,34,48,34
5/8/17 11:53AM,46.9,36,48,34
5/8/17 12:53PM,46.9,37,48,34
5/8/17 01:53PM,46,44,48,34
5/8/17 02:53PM,46,40,48,34
5/8/17 03:53PM,46,37,49,33
5/8/17 04:53PM,45,36,49,33
5/8/17 05:53PM,44.1,35,49,33
5/8/17 06:53PM,45,30,49,33
5/8/17 07:53PM,43,38,49,33
5/8/17 08:53PM,43,37,48,34
5/8/17 09:53PM,43,35,49,33
5/8/17 10:53PM,45,30,49,33
5/8/17 11:53PM,46,31,50,33
5/9/17 12:53AM,46,35,50,33
5/9/17 01:53AM,45,39,49,33
5/9/17 02:53AM,45,48,49,33
5/9/17 03:53AM,45,40,49,33
5/9/17 04:53AM,45,48,49,33
5/9/17 05:53AM,44.1,58,49,33
5/9/17 06:53AM,45,58,49,33
5/9/17 07:53AM,45,60,49,33
5/9/17 08:53AM,44.1,71,49,33
5/9/17 09:53AM,45,58,49,33
5/9/17 10:53AM,46,61,50,33
5/9/17 11:53AM,46.9,54,51,32
5/9/17 12:53PM,46.9,52,51,32
5/9/17 01:53PM,48.9,52,50,33
5/9/17 02:53PM,52,40,51,32
5/9/17 03:53PM,51.1,46,50,33
5/9/17 04:53PM,52,53,51,32
5/9/17 05:53PM,48.9,59,51,32
5/9/17 06:53PM,48,66,50,33
5/9/17 07:53PM,46,63,42,37
5/9/17 08:53PM,46,61,42,37
5/9/17 09:53PM,46,58,42,37
5/9/17 10:53PM,46,63,42,37
5/9/17 11:36PM,46,58,42,37
5/9/17 11:53PM,46.9,56,42,37
5/10/17 12:53AM,46.9,48,43,36
5/10/17 01:10AM,46.9,54,43,36
5/10/17 01:34AM,46.9,50,43,36
5/10/17 01:53AM,46.9,50,43,36
5/10/17 02:13AM,46.9,46,43,36
5/10/17 02:53AM,43,60,43,36
5/10/17 03:03AM,44.1,58,43,36
5/10/17 03:50AM,44.6,57,43,36
5/10/17 03:53AM,45,58,43,36
5/10/17 04:53AM,43,65,42,37
5/10/17 05:19AM,44.1,65,42,37
5/10/17 05:53AM,43,71,42,37
5/10/17 06:53AM,46,68,43,36
5/10/17 07:53AM,50,57,43,36
5/10/17 08:53AM,53.1,40,44,36
5/10/17 09:32AM,55.9,34,45,35
5/10/17 09:53AM,57,34,45,35
5/10/17 10:53AM,57,37,46,35
5/10/17 11:53AM,57,37,47,34
5/10/17 12:53PM,60.1,36,51,32
5/10/17 01:53PM,59,39,48,34
5/10/17 02:53PM,53.1,55,49,33
5/10/17 03:53PM,55,49,47,34
5/10/17 04:53PM,55,53,48,34
5/10/17 05:53PM,51.1,80,45,35
5/10/17 06:53PM,48,83,43,36
5/10/17 07:53PM,46.9,86,43,37
5/10/17 08:53PM,46,89,42,40
5/10/17 09:07PM,46,89,42,40
5/10/17 09:53PM,45,93,42,39
5/10/17 10:25PM,45,90,42,41
5/10/17 10:38PM,45,90,41,41
5/10/17 10:53PM,45,90,41,40
5/10/17 11:53PM,45,90,42,41
5/11/17 12:44AM,45,93,42,41
5/11/17 12:53AM,46,93,42,42
5/11/17 01:09AM,46.9,93,43,43
5/11/17 01:18AM,45,93,42,44
5/11/17 01:30AM,45,90,41,43
5/11/17 01:53AM,45,93,41,43
5/11/17 02:12AM,46,89,42,42
5/11/17 02:53AM,48,83,42,38
5/11/17 03:53AM,46.9,86,43,36
5/11/17 04:14AM,46.9,83,42,38
5/11/17 04:53AM,46.9,83,42,37
5/11/17 05:53AM,46,86,42,38
5/11/17 06:53AM,46.9,86,43,37
5/11/17 07:53AM,50,83,44,36
5/11/17 08:53AM,54,77,45,35
5/11/17 09:53AM,55,77,45,35
5/11/17 10:53AM,57.9,72,46,35
5/11/17 11:53AM,55.9,75,43,25
5/11/17 12:53PM,59,67,46,35
5/11/17 01:53PM,57.9,65,46,35
5/11/17 02:53PM,61,48,47,35
5/11/17 03:53PM,63,41,48,34
5/11/17 04:53PM,63,40,49,33
5/11/17 05:53PM,63,41,50,33
5/11/17 06:53PM,61,48,50,33
5/11/17 07:53PM,57,53,48,34
5/11/17 08:53PM,54,55,47,34
5/11/17 09:53PM,48.9,74,47,34
5/11/17 10:53PM,50,74,46,35
5/11/17 11:53PM,46.9,80,46,35
5/12/17 12:53AM,46.9,80,45,35
5/12/17 01:53AM,46.9,80,45,35
5/12/17 02:53AM,48,83,45,35
5/12/17 03:53AM,46,83,44,36
5/12/17 04:53AM,46,86,43,36
5/12/17 05:53AM,46.9,80,43,36
5/12/17 06:53AM,50,77,44,36
5/12/17 07:53AM,53.1,69,45,35
5/12/17 08:53AM,54,66,46,35
5/12/17 09:53AM,55.9,62,47,34
5/12/17 10:53AM,59,60,47,34
5/12/17 11:53AM,60.1,55,47,34
5/12/17 12:53PM,59,58,47,34
5/12/17 01:53PM,59,58,47,34
5/12/17 02:53PM,57,57,45,35
5/12/17 03:53PM,55.9,60,46,35
5/12/17 04:53PM,57,57,46,35
5/12/17 05:53PM,57,55,46,35
5/12/17 06:53PM,55,59,46,35
5/12/17 07:53PM,52,63,45,35
5/12/17 08:53PM,51.1,63,46,35
5/12/17 09:53PM,48,74,46,35
5/12/17 10:53PM,48.9,74,45,35
5/12/17 11:53PM,48,77,45,35
5/13/17 12:53AM,46,79,45,35
5/13/17 01:53AM,45,86,44,36
5/13/17 02:53AM,45,86,44,36
5/13/17 03:53AM,48,80,45,35
5/13/17 04:53AM,51.1,74,46,35
5/13/17 05:53AM,53.1,71,47,34
5/13/17 06:53AM,55,72,48,34
5/13/17 07:53AM,57,67,49,33
5/13/17 08:53AM,60.1,62,51,32
5/13/17 09:53AM,66,54,53,31
5/13/17 10:53AM,71.1,39,55,30
5/13/17 11:53AM,71.1,36,56,28
5/13/17 12:53PM,69.1,42,56,29
5/13/17 01:53PM,73,41,57,29
5/13/17 02:53PM,73.9,38,58,24
5/13/17 03:53PM,77,29,59,23
